id,sender,sendingTimestamp,updateSize,receivingTimestamp,serverReceivedTimestamp,serverDeliveredTimestamp,envelopeTimestamp,applyTime
1,0,1756202272976,307,1756202273649,1756202273540,1756202273542,1756202273002,2
2,0,1756202273191,118,1756202273881,1756202273542,1756202273543,1756202273194,0
3,1,1756202273369,566,1756202274017,1756202273818,1756202273819,1756202273374,0
4,0,1756202273468,292,1756202273985,1756202273542,1756202273543,1756202273472,0
5,1,1756202273635,307,1756202273878,1756202273818,1756202273819,1756202273640,0
6,0,1756202273689,307,1756202274088,1756202273744,1756202274026,1756202273693,0
7,0,1756202273958,118,1756202274193,1756202274011,1756202274027,1756202273960,0
8,1,1756202274007,425,1756202274269,1756202274060,1756202274210,1756202274010,0
9,0,1756202274189,307,1756202274394,1756202274241,1756202274339,1756202274191,0
10,1,1756202274320,307,1756202274474,1756202274371,1756202274415,1756202274323,0
11,0,1756202274432,307,1756202274594,1756202274484,1756202274540,1756202274434,1
12,0,1756202274662,118,1756202274800,1756202274715,1756202274740,1756202274664,0
13,1,1756202274688,425,1756202274807,1756202274739,1756202274752,1756202274690,0
14,1,1756202274860,123,1756202275037,1756202274913,1756202274981,1756202274863,0
15,0,1756202274891,430,1756202275038,1756202274943,1756202274980,1756202274894,0
16,1,1756202275052,307,1756202275306,1756202275105,1756202275191,1756202275055,0
17,0,1756202275114,307,1756202275304,1756202275166,1756202275191,1756202275116,0
18,1,1756202275191,307,1756202275409,1756202275241,1756202275345,1756202275193,0
19,1,1756202275319,123,1756202275520,1756202275370,1756202275452,1756202275321,0
20,0,1756202275346,430,1756202275506,1756202275397,1756202275452,1756202275348,0
21,0,1756202275567,118,1756202275709,1756202275618,1756202275653,1756202275569,0
22,1,1756202275658,425,1756202275769,1756202275709,1756202275711,1756202275660,0
23,1,1756202275782,123,1756202275970,1756202275837,1756202275917,1756202275785,0
24,0,1756202275818,430,1756202275983,1756202275870,1756202275930,1756202275820,0
25,1,1756202276019,307,1756202276190,1756202276069,1756202276131,1756202276020,0
26,0,1756202276047,308,1756202276189,1756202276100,1756202276130,1756202276049,0
27,1,1756202276287,309,1756202276402,1756202276342,1756202276343,1756202276289,0
28,0,1756202276305,309,1756202276414,1756202276357,1756202276358,1756202276307,0
29,1,1756202276595,309,1756202276717,1756202276651,1756202276652,1756202276600,0
30,0,1756202276604,309,1756202276715,1756202276655,1756202276657,1756202276605,0
31,1,1756202276861,309,1756202276973,1756202276915,1756202276917,1756202276864,0
32,0,1756202276883,309,1756202276993,1756202276935,1756202276937,1756202276885,1
33,0,1756202277174,119,1756202277288,1756202277226,1756202277227,1756202277176,0
34,1,1756202277201,428,1756202277307,1756202277254,1756202277255,1756202277203,0
35,0,1756202277462,309,1756202277570,1756202277515,1756202277517,1756202277465,0
36,1,1756202277474,309,1756202277578,1756202277524,1756202277526,1756202277475,0
37,0,1756202277728,309,1756202277835,1756202277780,1756202277781,1756202277730,0
38,1,1756202277807,309,1756202277919,1756202277863,1756202277865,1756202277811,0
39,1,1756202277917,124,1756202278118,1756202277968,1756202278065,1756202277919,0
40,0,1756202277973,433,1756202278120,1756202278025,1756202278067,1756202277975,0
41,0,1756202278180,119,1756202278320,1756202278231,1756202278267,1756202278181,0
42,1,1756202278279,428,1756202278384,1756202278329,1756202278331,1756202278281,0
43,0,1756202278428,309,1756202278588,1756202278479,1756202278533,1756202278431,0
44,1,1756202278478,309,1756202278590,1756202278534,1756202278536,1756202278482,0
45,0,1756202278710,309,1756202278814,1756202278760,1756202278761,1756202278711,0
46,1,1756202278800,309,1756202278907,1756202278850,1756202278852,1756202278802,0
47,0,1756202278929,309,1756202279109,1756202278981,1756202279053,1756202278931,0
48,1,1756202279096,309,1756202279202,1756202279147,1756202279149,1756202279098,0
49,0,1756202279132,309,1756202279242,1756202279184,1756202279186,1756202279134,0
50,1,1756202279395,309,1756202279506,1756202279446,1756202279447,1756202279397,0
51,0,1756202279404,309,1756202279511,1756202279457,1756202279459,1756202279405,0
52,0,1756202279664,119,1756202279780,1756202279721,1756202279722,1756202279668,1
53,1,1756202279700,428,1756202279820,1756202279758,1756202279760,1756202279704,1
54,0,1756202279923,309,1756202280052,1756202279989,1756202279991,1756202279928,1
55,1,1756202280037,309,1756202280159,1756202280099,1756202280100,1756202280046,1
56,0,1756202280142,309,1756202280262,1756202280197,1756202280199,1756202280146,1
57,1,1756202280177,309,1756202280367,1756202280228,1756202280307,1756202280179,0
58,0,1756202280362,309,1756202280477,1756202280417,1756202280418,1756202280367,0
59,1,1756202280438,309,1756202280576,1756202280492,1756202280516,1756202280442,0
60,0,1756202280576,309,1756202280777,1756202280626,1756202280721,1756202280577,0
61,1,1756202280687,309,1756202280864,1756202280737,1756202280739,1756202280688,0
62,0,1756202280863,309,1756202281082,1756202280914,1756202281028,1756202280865,0
63,1,1756202280887,309,1756202281001,1756202280941,1756202280942,1756202280889,0
64,1,1756202281062,124,1756202281176,1756202281117,1756202281118,1756202281066,0
65,0,1756202281156,433,1756202281282,1756202281208,1756202281226,1756202281158,0
66,1,1756202281344,309,1756202281480,1756202281394,1756202281428,1756202281345,0
67,0,1756202281436,309,1756202281544,1756202281487,1756202281490,1756202281438,0
68,1,1756202281526,309,1756202281631,1756202281576,1756202281577,1756202281528,0
69,0,1756202281638,309,1756202281751,1756202281689,1756202281690,1756202281640,1
70,1,1756202281700,309,1756202281839,1756202281752,1756202281776,1756202281703,0
71,1,1756202281838,124,1756202282044,1756202281887,1756202281984,1756202281840,0
72,0,1756202281864,433,1756202282048,1756202281914,1756202281989,1756202281866,0
73,0,1756202282105,119,1756202282258,1756202282155,1756202282195,1756202282106,0
74,1,1756202282150,428,1756202282259,1756202282200,1756202282202,1756202282152,0
75,0,1756202282328,309,1756202282471,1756202282385,1756202282411,1756202282331,0
76,1,1756202282464,309,1756202282679,1756202282522,1756202282618,1756202282470,0
77,0,1756202282618,309,1756202282727,1756202282674,1756202282675,1756202282621,0
78,1,1756202282721,309,1756202282828,1756202282772,1756202282774,1756202282723,1
79,0,1756202282852,309,1756202283029,1756202282902,1756202282977,1756202282853,0
80,1,1756202282962,309,1756202283067,1756202283012,1756202283013,1756202282964,0
81,1,1756202283066,124,1756202283271,1756202283116,1756202283211,1756202283068,0
82,0,1756202283077,433,1756202283270,1756202283138,1756202283211,1756202283084,0
83,0,1756202283340,119,1756202283477,1756202283391,1756202283419,1756202283342,0
84,1,1756202283366,428,1756202283482,1756202283416,1756202283426,1756202283367,1
85,0,1756202283583,309,1756202283709,1756202283647,1756202283649,1756202283587,0
86,1,1756202283744,309,1756202283909,1756202283795,1756202283855,1756202283746,1
87,0,1756202283788,309,1756202283896,1756202283842,1756202283843,1756202283792,1
88,1,1756202283875,309,1756202284009,1756202283927,1756202283951,1756202283878,0
89,1,1756202284001,124,1756202284206,1756202284051,1756202284154,1756202284002,0
90,0,1756202284054,433,1756202284209,1756202284107,1756202284156,1756202284057,0
91,1,1756202284177,309,1756202284307,1756202284227,1756202284250,1756202284179,0
92,1,1756202284291,124,1756202284413,1756202284340,1756202284353,1756202284293,0
93,0,1756202284306,433,1756202284508,1756202284356,1756202284453,1756202284308,0
94,1,1756202284400,309,1756202284513,1756202284449,1756202284457,1756202284401,0
95,1,1756202284518,124,1756202284712,1756202284569,1756202284659,1756202284521,0
96,0,1756202284573,433,1756202284710,1756202284624,1756202284653,1756202284575,0
97,1,1756202284723,309,1756202284938,1756202284773,1756202284883,1756202284725,0
98,0,1756202284852,309,1756202284973,1756202284904,1756202284918,1756202284854,0
99,1,1756202285024,309,1756202285182,1756202285075,1756202285119,1756202285026,0
100,0,1756202285109,309,1756202285218,1756202285163,1756202285165,1756202285113,0
101,1,1756202285216,309,1756202285330,1756202285267,1756202285268,1756202285219,0
102,0,1756202285410,309,1756202285568,1756202285468,1756202285482,1756202285415,1
103,1,1756202285605,309,1756202285774,1756202285658,1756202285715,1756202285609,0
104,0,1756202285693,309,1756202285815,1756202285746,1756202285762,1756202285694,0
105,0,1756202285902,119,1756202286015,1756202285958,1756202285960,1756202285906,0
106,1,1756202285995,428,1756202286135,1756202286047,1756202286072,1756202285999,0
107,0,1756202286199,309,1756202286334,1756202286251,1756202286281,1756202286202,0
108,1,1756202286307,309,1756202286419,1756202286359,1756202286360,1756202286310,0
109,0,1756202286433,309,1756202286631,1756202286484,1756202286566,1756202286435,0
110,1,1756202286495,309,1756202286633,1756202286550,1756202286566,1756202286499,1
111,1,1756202286694,124,1756202286861,1756202286747,1756202286806,1756202286697,0
112,0,1756202286707,433,1756202286836,1756202286758,1756202286779,1756202286708,0
113,0,1756202286974,119,1756202287100,1756202287024,1756202287047,1756202286975,0
114,1,1756202287019,428,1756202287123,1756202287068,1756202287069,1756202287020,0
115,1,1756202287170,124,1756202287327,1756202287221,1756202287267,1756202287172,0
116,0,1756202287210,433,1756202287327,1756202287263,1756202287269,1756202287214,0
117,0,1756202287433,119,1756202287592,1756202287483,1756202287485,1756202287434,0
118,1,1756202287451,428,1756202287592,1756202287502,1756202287504,1756202287453,0
119,1,1756202287576,124,1756202287693,1756202287632,1756202287634,1756202287581,0
120,0,1756202287704,433,1756202287897,1756202287753,1756202287839,1756202287705,0
121,1,1756202287977,309,1756202288098,1756202288032,1756202288042,1756202287982,0
122,0,1756202287981,309,1756202288088,1756202288033,1756202288035,1756202287985,0
123,0,1756202288235,119,1756202288342,1756202288288,1756202288289,1756202288238,1
124,1,1756202288325,428,1756202288441,1756202288377,1756202288378,1756202288329,0
125,0,1756202288496,309,1756202288645,1756202288548,1756202288586,1756202288499,0
126,1,1756202288666,309,1756202288843,1756202288716,1756202288791,1756202288668,0
127,0,1756202288722,309,1756202288838,1756202288776,1756202288778,1756202288726,0
128,0,1756202288933,119,1756202289045,1756202288991,1756202288993,1756202288943,1
129,1,1756202289021,428,1756202289130,1756202289073,1756202289074,1756202289023,0
130,0,1756202289144,309,1756202289386,1756202289193,1756202289328,1756202289145,0
131,1,1756202289374,309,1756202289490,1756202289429,1756202289430,1756202289377,0
132,0,1756202289426,309,1756202289534,1756202289479,1756202289481,1756202289429,0
133,1,1756202289607,309,1756202289791,1756202289656,1756202289732,1756202289609,1
134,0,1756202289704,309,1756202289810,1756202289754,1756202289755,1756202289705,0
135,1,1756202289791,309,1756202289897,1756202289842,1756202289844,1756202289793,0
136,0,1756202290003,309,1756202290113,1756202290055,1756202290057,1756202290005,0
137,1,1756202290057,309,1756202290177,1756202290116,1756202290117,1756202290064,0
138,0,1756202290253,309,1756202290376,1756202290303,1756202290323,1756202290255,1
139,1,1756202290352,309,1756202290465,1756202290406,1756202290408,1756202290357,0
140,0,1756202290547,309,1756202290670,1756202290605,1756202290612,1756202290552,0
141,1,1756202290698,309,1756202290883,1756202290748,1756202290824,1756202290700,0
142,0,1756202290799,309,1756202290906,1756202290850,1756202290852,1756202290801,0
143,1,1756202291077,309,1756202291190,1756202291131,1756202291132,1756202291080,0
144,0,1756202291100,309,1756202291207,1756202291152,1756202291153,1756202291102,0
145,1,1756202291269,309,1756202291411,1756202291321,1756202291354,1756202291271,0
146,0,1756202291376,309,1756202291481,1756202291427,1756202291428,1756202291378,0
147,1,1756202291498,309,1756202291682,1756202291547,1756202291627,1756202291499,0
148,0,1756202291646,309,1756202291755,1756202291701,1756202291703,1756202291650,0
149,1,1756202291811,309,1756202292000,1756202291864,1756202291945,1756202291814,1
150,0,1756202291904,309,1756202292012,1756202291958,1756202291960,1756202291906,0
151,1,1756202291975,309,1756202292104,1756202292025,1756202292042,1756202291977,0
152,1,1756202292108,124,1756202292308,1756202292159,1756202292252,1756202292111,0
153,0,1756202292109,433,1756202292309,1756202292162,1756202292253,1756202292113,0
154,1,1756202292289,309,1756202292437,1756202292346,1756202292349,1756202292295,0
155,0,1756202292353,309,1756202292536,1756202292406,1756202292476,1756202292355,0
156,0,1756202292562,119,1756202292747,1756202292612,1756202292683,1756202292564,0
157,1,1756202292630,428,1756202292747,1756202292686,1756202292687,1756202292634,0
158,0,1756202292844,309,1756202292952,1756202292898,1756202292899,1756202292846,0
159,1,1756202292952,309,1756202293061,1756202293001,1756202293002,1756202292953,0
160,0,1756202293061,309,1756202293261,1756202293110,1756202293207,1756202293062,0
161,1,1756202293237,309,1756202293343,1756202293288,1756202293289,1756202293238,0
162,0,1756202293308,309,1756202293417,1756202293358,1756202293360,1756202293310,0
163,0,1756202293560,119,1756202293667,1756202293612,1756202293614,1756202293563,0
164,1,1756202293626,428,1756202293735,1756202293680,1756202293681,1756202293629,1
165,0,1756202293796,309,1756202293937,1756202293847,1756202293880,1756202293798,0
166,1,1756202294015,309,1756202294140,1756202294069,1756202294083,1756202294018,0
167,0,1756202294024,309,1756202294137,1756202294076,1756202294078,1756202294026,0
168,0,1756202294248,119,1756202294358,1756202294297,1756202294299,1756202294249,0
169,1,1756202294280,428,1756202294385,1756202294329,1756202294331,1756202294282,0
170,1,1756202294479,124,1756202294605,1756202294533,1756202294551,1756202294484,1
171,0,1756202294486,433,1756202294605,1756202294546,1756202294548,1756202294488,0
172,1,1756202294679,309,1756202294809,1756202294735,1756202294752,1756202294682,1
173,0,1756202294695,309,1756202294808,1756202294745,1756202294752,1756202294696,0
174,0,1756202294911,119,1756202295025,1756202294965,1756202294966,1756202294913,0
175,1,1756202294912,428,1756202295053,1756202294997,1756202295000,1756202294913,0
176,1,1756202295101,124,1756202295262,1756202295153,1756202295199,1756202295104,0
177,0,1756202295132,433,1756202295262,1756202295183,1756202295199,1756202295133,0
178,0,1756202295336,119,1756202295470,1756202295386,1756202295408,1756202295337,0
179,1,1756202295357,428,1756202295472,1756202295411,1756202295413,1756202295359,0
180,1,1756202295530,124,1756202295680,1756202295583,1756202295620,1756202295534,0
181,0,1756202295582,433,1756202295685,1756202295631,1756202295632,1756202295583,0
182,1,1756202295828,309,1756202295937,1756202295877,1756202295879,1756202295829,0
183,0,1756202295871,309,1756202295993,1756202295933,1756202295935,1756202295875,0
184,1,1756202295947,309,1756202296058,1756202295997,1756202295998,1756202295949,0
185,0,1756202296148,309,1756202296292,1756202296205,1756202296233,1756202296153,0
186,1,1756202296243,309,1756202296353,1756202296295,1756202296296,1756202296246,0
187,0,1756202296357,309,1756202296481,1756202296407,1756202296423,1756202296359,0
188,1,1756202296464,309,1756202296570,1756202296514,1756202296516,1756202296466,0
189,0,1756202296578,309,1756202296776,1756202296628,1756202296716,1756202296580,0
190,1,1756202296589,309,1756202296777,1756202296640,1756202296716,1756202296591,0
191,0,1756202296841,309,1756202297017,1756202296894,1756202296951,1756202296844,1
192,1,1756202296915,309,1756202297026,1756202296964,1756202296965,1756202296916,0
193,1,1756202297043,124,1756202297236,1756202297093,1756202297183,1756202297045,0
194,0,1756202297095,433,1756202297236,1756202297148,1756202297183,1756202297097,0
195,1,1756202297188,309,1756202297340,1756202297237,1756202297280,1756202297189,0
196,0,1756202297373,309,1756202297550,1756202297424,1756202297486,1756202297375,0
197,1,1756202297474,309,1756202297580,1756202297524,1756202297525,1756202297475,0
198,1,1756202297595,124,1756202297779,1756202297643,1756202297724,1756202297596,0
199,0,1756202297629,433,1756202297780,1756202297680,1756202297726,1756202297631,0
200,1,1756202297747,309,1756202297884,1756202297800,1756202297823,1756202297752,0
201,0,1756202297860,309,1756202297980,1756202297913,1756202297927,1756202297863,0